{"cameraMode":{"drawMode":0,"name":"Shaded","section":"Shading Mode"},"sceneLighting":true,"audioPlay":false,"sceneViewState":{"showFog":true,"showMaterialUpdate":false,"showSkybox":true,"showFlares":true,"showImageEffects":true,"showParticleSystems":true},"in2DMode":false,"pivot":{"x":-3.270944595336914,"y":5.693836212158203,"z":-1.9926700592041016},"rotation":{"x":-0.09828872978687287,"y":0.8695291876792908,"z":-0.19244463741779328,"w":-0.4440995752811432},"size":56.900543212890628,"orthographic":false}