{"cameraMode":{"drawMode":0,"name":"Shaded","section":"Shading Mode"},"sceneLighting":false,"audioPlay":false,"sceneViewState":{"showFog":true,"showMaterialUpdate":false,"showSkybox":false,"showFlares":true,"showImageEffects":true,"showParticleSystems":true},"in2DMode":false,"pivot":{"x":-4.508678436279297,"y":-1.6805031299591065,"z":-2.7014026641845705},"rotation":{"x":0.04843871295452118,"y":-0.3574020564556122,"z":0.018564973026514055,"w":0.9325111508369446},"size":29.514835357666017,"orthographic":false}