{"cameraMode":{"drawMode":0,"name":"Shaded","section":"Shading Mode"},"sceneLighting":true,"audioPlay":false,"sceneViewState":{"showFog":true,"showMaterialUpdate":false,"showSkybox":true,"showFlares":true,"showImageEffects":true,"showParticleSystems":true},"in2DMode":false,"pivot":{"x":502.9032287597656,"y":431.43017578125,"z":13.103370666503907},"rotation":{"x":0.6372290253639221,"y":-0.001156016020104289,"z":0.0009558404562994838,"w":0.7706733345985413},"size":1377.1558837890625,"orthographic":false}